{"training_accuracy":[0.6000000238418579],"loss":[3.5688819885253906]}