{"training_accuracy":[0.3125,0.3125,0.625,0.5625,0.5,0.4375,0.6875,0.625,0.6875,0.625,0.5,0.5625,0.5,0.875,0.625,0.6875,0.75,0.5625,0.5,0.6875,0.6875,0.6875,0.625,0.6875,0.625,0.8125,0.5625,0.5625,0.8125,0.4375,0.8125,0.75,0.75,0.625,0.5625,0.5625,0.875,0.75,0.6875,0.8125,0.75,0.6875,0.75,0.75,0.625,0.875,0.5625,0.4375,0.75,0.75,0.6875,0.875,0.6875,0.6875,0.875,0.5,0.9375,0.75,0.875,0.625,0.75,0.8125,0.875,0.8125,0.75,0.75,0.875,0.75,0.5625,0.875,0.6875,0.6875,0.75,0.875,0.6875,0.6875,0.875,0.75,0.75,0.9375,0.6875,0.8125,0.75,0.875,0.6875,0.8125,0.625,0.8125,0.5625,0.75,0.9375,0.75,0.6875,0.625,0.8125,0.75,0.8125,0.8125,0.9375,0.8125,0.9375,0.9375,0.625,0.9375,0.875],"loss":[3.539350748062134,2.38747239112854,1.0144381523132324,1.4913822412490845,1.6862506866455078,2.065965414047241,1.2661272287368774,1.247208833694458,1.0221017599105835,1.196285367012024,1.5846717357635498,1.2763997316360474,1.027004599571228,0.5931177735328674,0.9855143427848816,1.0930300951004028,1.167284369468689,1.4238059520721436,1.421234130859375,1.257502555847168,0.6649579405784607,1.6995704174041748,0.8855952024459839,0.9218186140060425,0.7042481303215027,0.5895510315895081,0.938227653503418,1.234205722808838,0.7109585404396057,1.4262354373931885,0.7290763258934021,0.7816250324249268,0.8030035495758057,0.7453836798667908,1.113590121269226,1.012603759765625,0.7878060936927795,0.8683481812477112,0.8882373571395874,1.110339879989624,0.7005282640457153,0.7083436846733093,0.8202900290489197,0.4006768465042114,0.6300935745239258,0.35160550475120544,1.4465374946594238,1.9313369989395142,0.6846070289611816,0.8574116826057434,1.351719617843628,0.44978752732276917,0.7564693689346313,0.942684531211853,0.607489287853241,1.3028130531311035,0.4225291907787323,0.6910465955734253,0.5277324914932251,0.7659876942634583,0.8505909442901611,0.6633245348930359,0.8792173266410828,0.5366241931915283,0.6988552212715149,0.8016421794891357,0.33854132890701294,0.871972382068634,1.0221495628356934,0.6790093779563904,0.9588980674743652,1.070834755897522,0.6761907935142517,0.7149330377578735,0.8807940483093262,1.152125358581543,0.32321009039878845,0.8073949217796326,1.0317116975784302,0.31750836968421936,1.0330755710601807,0.43220096826553345,0.6300486922264099,0.5362115502357483,0.5166010856628418,0.8553013205528259,0.5498574376106262,0.444312185049057,0.7148996591567993,0.34125417470932007,0.34063196182250977,0.6137053966522217,0.731426477432251,0.8468328714370728,0.9798387289047241,0.612126886844635,0.3442031741142273,0.6327337026596069,0.25394243001937866,0.4387187957763672,0.23834070563316345,0.4990963637828827,1.2637985944747925,0.2617931663990021,0.8203176259994507]}