{"training_accuracy":[0.3125,0.375,0.625,0.5,0.5625,0.375,0.75,0.625,0.6875,0.5625,0.5],"loss":[3.539350748062134,2.3537027835845947,1.021934151649475,1.4839407205581665,1.571709156036377,2.2217249870300293,1.1809813976287842,1.1563981771469116,0.9645892977714539,1.2037745714187622,1.4796690940856934]}