{"training_accuracy":[0.5,0.5,0.5,0.5,0.0,0.5,0.5,0.0],"loss":[4.898410797119141,2.4740896224975586,1.506230115890503,2.3489151000976562,1.995234489440918,0.9230694770812988,1.3370144367218018,2.4031107425689697]}