{"training_accuracy":[0.671875,0.765625,0.71875],"loss":[4.759460926055908,2.5757434368133545,1.5782585144042969]}