{"training_accuracy":[0.4375,0.1875,0.4375,0.4375,0.5,0.5,0.6875,0.625,0.6875,0.6875,0.625,0.5625,0.5625,0.5625,0.625,0.25,0.5625,0.625,0.4375,0.5625,0.8125,0.6875,0.625,0.25,0.75,0.625,0.8125,0.6875,0.6875,0.625,0.5625,0.625,0.6875,0.5625,0.6875,0.875,0.625,0.4375,0.5,0.6875,0.625,0.8125,0.6875,0.9375,0.8125],"loss":[11.497739791870117,3.2280924320220947,1.9458478689193726,1.580527663230896,2.406238317489624,1.7737454175949097,1.2269152402877808,1.4930120706558228,1.1113967895507812,1.6724848747253418,1.3365321159362793,1.3379158973693848,1.57964289188385,1.2976479530334473,1.1395684480667114,1.6026867628097534,1.4442877769470215,1.5812777280807495,1.4051932096481323,1.5225920677185059,1.0746805667877197,0.8954644799232483,1.0352767705917358,1.5169601440429688,0.9821017980575562,1.2900874614715576,0.6161045432090759,0.8609604239463806,0.8977307677268982,1.2081513404846191,1.5115795135498047,1.275970458984375,1.0715805292129517,1.1438381671905518,1.0270713567733765,0.7315073609352112,0.7624916434288025,1.4198894500732422,1.0013853311538696,1.4140889644622803,1.196152925491333,0.9261777997016907,1.17415452003479,0.6235871911048889,0.8920983672142029]}