{"training_accuracy":[0.1875,0.5,0.53125,0.515625,0.671875,0.5625,0.484375,0.609375,0.625,0.640625,0.59375,0.671875,0.671875,0.765625,0.71875,0.65625,0.703125,0.6875,0.71875,0.71875,0.640625],"loss":[3.3168232440948486,1.7698144912719727,1.4319795370101929,1.268686056137085,1.2775905132293701,1.3816654682159424,1.1428717374801636,0.9568949937820435,0.9719539880752563,0.975297212600708,0.8188533782958984,0.9938750267028809,0.9978046417236328,0.8846911787986755,0.7579289674758911,0.8329280018806458,0.8775889873504639,0.7554571032524109,0.8235955834388733,0.9339534044265747,0.9546158313751221]}