{"training_accuracy":[0.671875,0.75,0.71875,0.71875],"loss":[4.759460926055908,2.5622994899749756,1.5422487258911133,1.486622929573059]}