{"training_accuracy":[0.25,0.375,0.5,0.5,0.75,0.625,0.75,0.625,0.5,0.375,0.5,0.625],"loss":[4.162169933319092,2.1607394218444824,2.061575174331665,1.7354925870895386,1.3217252492904663,0.9355311989784241,1.120733618736267,0.9025517702102661,1.4115073680877686,2.5322046279907227,2.0371170043945312,0.8281921744346619]}