{"training_accuracy":[0.25,0.375,0.5,0.375,0.625,0.75,0.75,0.625,0.625,0.25,0.25,0.75],"loss":[4.162169933319092,2.1976253986358643,2.073249101638794,1.6667265892028809,1.2568650245666504,0.9393299221992493,0.9280441403388977,0.8369489312171936,1.3098618984222412,2.6661429405212402,2.1963303089141846,1.0792863368988037]}