{"training_accuracy":[0.4375,0.125,0.4375,0.4375,0.375,0.625,0.5,0.4375,0.5625,0.4375,0.5,0.6875,0.625,0.3125,0.8125,0.3125,0.5625,0.625,0.4375,0.6875,0.625,0.5,0.6875,0.25,0.75,0.375,0.75,0.75,0.75,0.625,0.5,0.625,0.5625,0.6875,0.6875,0.875,0.8125,0.5,0.625,0.5625,0.375,0.8125,0.5,0.9375,0.75,0.75,0.4375,0.6875,0.6875,0.6875,0.8125,0.8125,0.625,0.75,0.5625,0.625,0.625,0.5625,0.6875,0.875,0.875,0.8125,0.625,0.625,0.6875,0.75,0.8125,0.8125,0.875,0.5625,0.875,0.625,0.875,0.75,0.75,0.6875,0.6875,0.6875,0.9375,0.625,0.75,0.8125,0.625,0.75,0.75,0.75,0.8125,0.8125,0.625,0.875,0.8125,0.8125,0.8125,0.75,0.9375,0.6875,0.875,0.625,0.9375,0.625,0.5625,0.8125,0.6875,0.9375,0.75,0.75,0.6875,0.9375,0.9375,0.875,0.6875,0.8125,0.9375,0.75,0.9375,1.0,0.875,0.8125,0.875,0.8125,0.9375,0.9375,0.6875],"loss":[12.181753158569336,3.2973997592926025,1.7459242343902588,1.616270661354065,2.9301273822784424,1.811889410018921,1.3081661462783813,1.8605324029922485,1.1973494291305542,1.68180513381958,1.4869482517242432,1.4277734756469727,1.8171944618225098,1.2519354820251465,1.0905073881149292,2.2459826469421387,1.7406306266784668,1.1952372789382935,1.3205991983413696,1.5218374729156494,1.1479172706604004,1.0492949485778809,1.190617561340332,1.5953108072280884,0.9867203831672668,1.2677476406097412,0.9121204614639282,0.7125774025917053,0.5699433088302612,1.238073706626892,1.3682787418365479,1.3825486898422241,1.3327553272247314,1.0095583200454712,1.1521852016448975,0.6027470231056213,0.5885661840438843,1.1449382305145264,1.2566452026367188,1.5694721937179565,1.286369800567627,0.9581831097602844,1.0926258563995361,0.5451108813285828,0.668469250202179,0.9755126237869263,1.7954010963439941,0.9020455479621887,0.7730528116226196,1.048092246055603,0.6320131421089172,0.5711647868156433,0.8644313216209412,0.7707141041755676,1.128208875656128,1.137314796447754,1.0761137008666992,1.11140775680542,0.6174432039260864,0.6483871340751648,0.6068129539489746,0.8805792331695557,0.914190948009491,1.0082703828811646,0.8246761560440063,0.6234654188156128,0.6262607574462891,0.5588940382003784,0.7424143552780151,1.0238597393035889,0.3013538420200348,0.8020225763320923,0.6443318724632263,0.7181997299194336,0.9037612676620483,0.8068627715110779,0.7329341173171997,1.2697893381118774,0.5601624250411987,1.2249034643173218,1.0130784511566162,0.7902652621269226,0.7286681532859802,0.7201880216598511,0.6837852001190186,0.6145511269569397,0.4409502446651459,0.6594551205635071,1.2130011320114136,0.3931465446949005,0.6975164413452148,0.6771991848945618,0.7212886810302734,0.6036507487297058,0.4583808481693268,0.8819279074668884,0.5493425130844116,1.202118992805481,0.2331388145685196,0.7457865476608276,2.285386085510254,0.4123615324497223,0.7539458870887756,0.19577442109584808,0.5179452896118164,0.4747602641582489,0.7806497812271118,0.25880131125450134,0.28733211755752563,0.5348380208015442,1.1823627948760986,0.34247106313705444,0.2896699607372284,0.754051148891449,0.34400230646133423,0.24980320036411285,0.5784510970115662,0.42204758524894714,0.6353212594985962,0.466108500957489,0.5325182676315308,0.12600581347942352,0.914283275604248]}