{"training_accuracy":[0.5,0.5,0.25,0.5,0.5,1.0,0.25,0.75,0.75,0.75,0.5,0.75,0.75,1.0,0.75,0.5,0.5,0.5],"loss":[3.6985957622528076,1.2016984224319458,2.574320077896118,1.6811926364898682,2.2203667163848877,0.933135449886322,2.540417432785034,0.5701199769973755,1.0199815034866333,0.8749539256095886,1.9632887840270996,0.6400508284568787,1.00114905834198,0.6455143690109253,1.4769037961959839,2.1184210777282715,1.1909881830215454,1.5125317573547363]}