{"training_accuracy":[0.4375,0.1875,0.4375,0.5625,0.375,0.5625,0.5625,0.625,0.5625,0.625,0.625,0.5625,0.625,0.5,0.625,0.25,0.625,0.5625,0.4375,0.5],"loss":[11.472399711608887,3.2262215614318848,1.9175466299057007,1.5389927625656128,2.5910675525665283,1.7030125856399536,1.2641669511795044,1.494875192642212,1.2340830564498901,1.467321515083313,1.2927830219268799,1.3098069429397583,1.66183340549469,1.2922409772872925,1.1816685199737549,1.9006787538528442,1.4773293733596802,1.4360030889511108,1.2663816213607788,1.7957935333251953]}