{"training_accuracy":[0.828125,0.796875,0.640625,0.578125,0.65625,0.703125,0.71875,0.65625,0.6875,0.75,0.625,0.765625,0.78125,0.71875,0.6875],"loss":[2.613765239715576,1.3631582260131836,2.4021589756011963,2.2395336627960205,1.720171570777893,1.139746904373169,1.4232757091522217,1.3294897079467773,1.0988651514053345,1.1048144102096558,1.569701910018921,1.3902850151062012,0.7061858177185059,1.1335691213607788,1.431913137435913]}