{"training_accuracy":[0.1875,0.46875,0.546875],"loss":[3.3168232440948486,1.7839077711105347,1.4075840711593628]}