{"training_accuracy":[0.7199999690055847],"loss":[3.9997336864471436]}