{"training_accuracy":[0.4375,0.1875,0.4375,0.625,0.4375,0.5,0.6875,0.5625,0.6875,0.5,0.5625,0.5,0.625,0.5,0.625,0.3125,0.5,0.625,0.5,0.6875,0.875,0.625,0.75,0.375,0.6875,0.4375,0.75,0.625,0.6875,0.625,0.625,0.6875,0.625,0.6875,0.6875,0.8125,0.6875,0.5625,0.5625,0.5625,0.5,0.8125,0.5625,0.75],"loss":[11.472399711608887,3.0809085369110107,1.892375111579895,1.5996180772781372,2.4220240116119385,1.7411028146743774,1.280370831489563,1.40989351272583,1.0511157512664795,1.4659039974212646,1.1898137331008911,1.3196550607681274,1.6751950979232788,1.14703369140625,1.1736278533935547,1.6056524515151978,1.2415533065795898,1.3267757892608643,1.1987509727478027,1.598778486251831,0.9923807382583618,0.952813446521759,1.0293889045715332,1.576635479927063,0.9224744439125061,1.2585095167160034,0.7303146123886108,1.0114880800247192,0.7845101952552795,1.1430644989013672,1.302193522453308,1.204656720161438,1.0404150485992432,1.3155899047851562,0.970754086971283,0.7686983942985535,0.8381243348121643,1.3099400997161865,1.0551905632019043,1.468717336654663,1.2905540466308594,0.7426624894142151,1.085972785949707,0.6169322729110718]}