{"training_accuracy":[0.5,0.75,0.5,0.5,0.25],"loss":[3.6985957622528076,1.1706701517105103,2.0121395587921143,2.6608645915985107,2.5737884044647217],"test_acc":[0.1015625,0.318359375]}