{"training_accuracy":[0.20703125,0.4921875,0.56640625,0.5859375],"loss":[3.38030743598938,1.4546631574630737,1.3570115566253662,1.1757501363754272]}