{"training_accuracy":[0.0,0.5,0.5,0.5,0.0,0.5,0.5],"loss":[4.898410797119141,2.2540199756622314,1.1883443593978882,1.6045830249786377,1.5804911851882935,1.1954855918884277,1.4376531839370728]}