{"training_accuracy":[0.2109375,0.484375,0.5390625,0.5625],"loss":[3.319375991821289,1.530034065246582,1.3432414531707764,1.2784558534622192]}