{"training_accuracy":[0.4375,0.25,0.5,0.5,0.375,0.375,0.625,0.5625,0.625,0.5,0.5625,0.6875,0.625,0.5,0.5625,0.3125,0.4375,0.5625,0.5,0.5625,0.75,0.6875,0.625,0.25,0.8125,0.5625,0.8125,0.75,0.625,0.5625,0.5625,0.75,0.5,0.5,0.75,0.75,0.6875,0.5,0.5625,0.6875,0.5,0.75,0.5,0.875,0.75],"loss":[11.592764854431152,3.4441847801208496,2.0743372440338135,1.7011913061141968,2.548320770263672,1.9095144271850586,1.3415899276733398,1.580796718597412,1.2198915481567383,1.5892095565795898,1.4239262342453003,1.3639613389968872,1.6800568103790283,1.357071042060852,1.155188798904419,1.8143147230148315,1.6276648044586182,1.5073298215866089,1.2562334537506104,1.6677852869033813,1.165771722793579,0.9877114295959473,1.0925830602645874,1.5043799877166748,0.967322051525116,1.1958482265472412,0.8039618134498596,0.7054678797721863,0.973011314868927,1.2693215608596802,1.4052246809005737,1.179913878440857,1.1344068050384521,1.3038417100906372,1.103449821472168,1.035287618637085,0.915675163269043,1.3367500305175781,1.0548851490020752,1.7222261428833008,1.2599472999572754,0.9781619906425476,1.3755276203155518,0.6861634850502014,1.0413950681686401]}