{"training_accuracy":[0.20703125],"loss":[3.385996103286743]}