{"training_accuracy":[0.5,0.5,0.5,0.5,0.25,0.25,0.5,0.5],"loss":[3.6985957622528076,1.196588158607483,1.9895976781845093,2.787452459335327,2.7529866695404053,3.0423855781555176,1.9738355875015259,1.8074942827224731],"test_acc":[0.11388611048460007,0.35664334893226624,0.35364633798599243]}