{"training_accuracy":[0.4375,0.1875,0.5625,0.4375,0.375,0.375,0.75],"loss":[11.472399711608887,3.1846749782562256,1.9339839220046997,1.5886956453323364,2.5701990127563477,1.7400848865509033,1.2659530639648438]}