{"training_accuracy":[0.220703125],"loss":[3.394707679748535]}