{"training_accuracy":[0.2265625,0.4609375],"loss":[3.3272502422332764,1.5632857084274292]}