{"training_accuracy":[0.20703125,0.48828125,0.55859375,0.59765625,0.57421875,0.62109375],"loss":[3.38030743598938,1.4669023752212524,1.3641449213027954,1.1732085943222046,1.037766456604004,1.072540283203125]}