{"training_accuracy":[0.25,0.375,0.5,0.5,0.75,0.625,0.75,0.625,0.625,0.25,0.375,0.375,1.0,0.75,0.875,0.75,0.75,0.5,0.5,0.625,0.5,0.5,0.875,0.25,0.625,0.375,0.625,0.5,0.75,0.5],"loss":[4.162169933319092,2.124018907546997,2.0773212909698486,1.6099716424942017,1.3147207498550415,0.9485518932342529,1.1315805912017822,0.9605040550231934,1.3753215074539185,2.82065749168396,2.127171516418457,1.6314725875854492,0.5445825457572937,1.2180393934249878,0.6436578631401062,0.8912924528121948,1.3073856830596924,0.5947389006614685,0.7955136299133301,1.0159235000610352,1.3741569519042969,1.845503330230713,0.9193980097770691,2.341942548751831,1.2748199701309204,2.179575204849243,1.1097826957702637,1.9255372285842896,1.0278621912002563,1.1698659658432007]}