{"training_accuracy":[0.078125,0.359375,0.546875,0.578125,0.515625,0.640625,0.515625,0.625,0.625,0.65625,0.671875,0.71875,0.515625,0.71875,0.59375,0.71875,0.65625,0.609375],"loss":[2.3988587856292725,2.001441478729248,1.3261576890945435,1.1937097311019897,1.267255425453186,1.0028245449066162,1.323832631111145,0.9872445464134216,1.2088278532028198,0.9956714510917664,1.015539526939392,0.9491626024246216,1.0699894428253174,0.9056270718574524,0.9497377276420593,0.9038271903991699,0.852945864200592,1.0468811988830566]}