{"training_accuracy":[0.828125,0.828125,0.625,0.625,0.703125,0.671875,0.640625,0.6875],"loss":[2.613765239715576,1.3567712306976318,2.3860254287719727,2.196873903274536,1.8211489915847778,1.193745493888855,1.391046166419983,1.455866813659668]}