{"training_accuracy":[0.234375,0.453125,0.609375,0.546875,0.578125,0.640625,0.484375,0.59375,0.59375,0.59375],"loss":[3.134401798248291,1.740157127380371,1.2468693256378174,1.3680260181427002,1.2349592447280884,1.163333535194397,1.427790880203247,1.3685063123703003,1.1402184963226318,1.1819909811019897]}