{"training_accuracy":[0.20703125,0.484375,0.53515625,0.578125,0.5859375,0.609375,0.62890625,0.6484375,0.7265625,0.6953125,0.69140625,0.7265625,0.72265625,0.7578125,0.7578125],"loss":[3.385996103286743,1.465408205986023,1.3613783121109009,1.1810096502304077,1.040837287902832,1.0676480531692505,0.995121955871582,0.9565743207931519,0.7665326595306396,0.8354080319404602,0.8766539096832275,0.8505476117134094,0.7537556886672974,0.68773353099823,0.6942545771598816]}