{"training_accuracy":[0.3125,0.375,0.75,0.6875,0.5625,0.375,0.6875,0.625,0.625,0.625,0.5,0.5625,0.4375,0.8125,0.625,0.5625,0.625,0.5625,0.75,0.375,0.5625,0.8125,0.75,0.8125,0.5625,0.8125,0.625,0.875,0.5625,0.75,0.4375,0.75,0.6875],"loss":[3.539350748062134,2.334212064743042,1.024640440940857,1.401810646057129,1.7814403772354126,2.0684378147125244,1.2084516286849976,1.1880472898483276,0.9708697199821472,1.1430033445358276,1.5016340017318726,0.8958501219749451,1.9021165370941162,0.7089269757270813,1.0925489664077759,1.0691156387329102,1.2703182697296143,1.2277770042419434,0.4392930865287781,1.1215927600860596,1.8957473039627075,0.8569124341011047,1.0024645328521729,0.7353463172912598,1.165104627609253,1.0699193477630615,0.9160597920417786,0.5926368236541748,0.6814237833023071,0.8166795969009399,1.1854358911514282,0.6945955157279968,1.1490904092788696]}