{"training_accuracy":[0.4375,0.1875,0.4375,0.5625,0.4375,0.4375,0.5625,0.625,0.5625,0.625,0.5625,0.6875,0.625,0.375,0.625,0.3125,0.5,0.5625,0.5,0.5,0.75,0.75,0.625,0.375,0.75,0.5625,0.8125,0.8125,0.75,0.5625,0.75,0.5,0.625,0.5625,0.8125,0.875,0.75,0.4375,0.625,0.5625,0.5625,0.75,0.5625,0.875,0.8125,0.6875],"loss":[11.529414176940918,3.295041799545288,1.8661339282989502,1.620260238647461,2.5977566242218018,1.909286379814148,1.3610180616378784,1.4121618270874023,1.351877212524414,1.4818949699401855,1.422662615776062,1.3688910007476807,1.6669718027114868,1.3485544919967651,1.0639841556549072,1.7470535039901733,1.6243720054626465,1.4191291332244873,1.141273021697998,1.6316149234771729,1.2065479755401611,1.0471618175506592,1.1004431247711182,1.395022988319397,0.9633780121803284,1.2696009874343872,0.6817578673362732,0.7165927290916443,0.8191397786140442,1.1903541088104248,1.2956982851028442,1.324735164642334,1.154051423072815,1.4654076099395752,0.953697919845581,0.8082265853881836,0.7051212787628174,1.3817763328552246,1.0773253440856934,1.5555871725082397,1.347804069519043,0.9800707101821899,1.4179837703704834,0.6872993111610413,0.9531672596931458,1.1503549814224243]}