{"training_accuracy":[0.20703125],"loss":[5.513628005981445]}