{"training_accuracy":[0.5,0.75],"loss":[3.6985957622528076,1.1855355501174927]}