{"training_accuracy":[0.1875,0.453125,0.53125,0.546875,0.671875,0.53125,0.46875,0.625,0.625,0.671875,0.640625,0.640625,0.703125,0.765625,0.6875,0.671875,0.65625,0.6875,0.6875,0.625,0.640625,0.6875,0.78125,0.78125,0.671875],"loss":[3.3168232440948486,1.7955912351608276,1.4145714044570923,1.2682543992996216,1.2572708129882812,1.4047781229019165,1.1243098974227905,0.9731553196907043,0.9848942756652832,0.9887531399726868,0.8155167102813721,1.0123687982559204,0.9903700947761536,0.8889676332473755,0.7416978478431702,0.8367928266525269,0.8742689490318298,0.7778006792068481,0.8453890085220337,0.955894410610199,0.959613561630249,0.8937814235687256,0.6614608764648438,0.7105878591537476,0.8647851943969727]}