{"training_accuracy":[0.6000000238418579,0.4000000059604645],"loss":[3.5760035514831543,2.1201820373535156]}