{"training_accuracy":[0.21875,0.4765625,0.5],"loss":[5.362451553344727,1.628892421722412,1.467336893081665]}