{"training_accuracy":[0.3125,0.375,0.5625,0.5625,0.5625,0.375,0.6875,0.625,0.625,0.625,0.5625,0.5625,0.5,0.875,0.625,0.6875,0.75,0.5,0.5,0.5,0.625,0.6875,0.6875,0.6875,0.625,0.875,0.5625,0.5625,0.875,0.4375,0.75,0.8125,0.75,0.5,0.5625,0.5625,0.875,0.625,0.625,0.75,0.8125,0.625,0.6875,0.75,0.6875,0.875,0.5625,0.4375,0.75,0.6875,0.625,0.875,0.6875,0.6875,0.875,0.5,0.875,0.75,0.875,0.625,0.75,0.8125,0.875,0.8125,0.8125,0.75,0.875,0.75,0.6875,0.75,0.6875,0.625,0.8125,0.875,0.8125,0.8125,0.875,0.625,0.75,0.9375,0.6875,0.8125,0.75,0.9375,0.8125,0.8125,0.6875,0.875,0.5625,1.0,0.8125,0.75,0.8125,0.6875,0.8125,0.75,0.875,0.75,1.0,0.8125,0.9375],"loss":[3.539350748062134,2.3123254776000977,1.1190059185028076,1.460872769355774,1.5989139080047607,2.027263641357422,1.210508942604065,1.1545264720916748,1.0116767883300781,1.1650127172470093,1.4444843530654907,1.3686141967773438,1.0909221172332764,0.7100532054901123,0.876351535320282,1.0958187580108643,1.0484880208969116,1.403666377067566,1.5937302112579346,1.2649973630905151,0.7080782055854797,1.7796924114227295,0.967345118522644,0.9254913330078125,0.7480474710464478,0.6506762504577637,0.9189441204071045,1.2082796096801758,0.6389423608779907,1.5782411098480225,0.7760924100875854,0.6802217364311218,0.698710560798645,0.7983310222625732,1.1567792892456055,0.9171696305274963,0.695587694644928,0.8488134145736694,0.815493106842041,1.1605241298675537,0.6441178321838379,0.7304821610450745,0.8330614566802979,0.36669209599494934,0.594388484954834,0.37234845757484436,1.4679450988769531,1.8446638584136963,0.7015081644058228,0.8946906924247742,1.4057319164276123,0.4466879367828369,0.8329711556434631,0.8553004860877991,0.5695315599441528,1.2876085042953491,0.5054559707641602,0.740166425704956,0.5040181279182434,0.8762218356132507,0.7584901452064514,0.7251522541046143,1.0336830615997314,0.5618730783462524,0.763210117816925,0.7250040769577026,0.3769473731517792,0.9809477925300598,1.0370627641677856,0.7069013118743896,0.9321962594985962,0.9739691615104675,0.6020315289497375,0.6307833194732666,0.871330738067627,1.0961956977844238,0.3822222054004669,0.7939727902412415,1.1486952304840088,0.3572463393211365,0.997124969959259,0.4007323682308197,0.6624009013175964,0.4876902401447296,0.4148748219013214,0.8665140271186829,0.5577144026756287,0.5086941123008728,0.7378556132316589,0.27294206619262695,0.42275774478912354,0.6469809412956238,0.7526474595069885,0.9888103604316711,0.8879874348640442,0.6083390712738037,0.35813966393470764,0.46878305077552795,0.21490851044654846,0.3851613700389862,0.28152257204055786]}